EventName,Date,Status,eventsoldtickets,Tickets Available
Tessseraaaaaa,"Monday, May 1, 2023, 2:30 PM",Offline,201,5949
Adult Mental Health First Aid Training April 18 & 25,"Monday, July 3, 2023, 8:30 PM",Offline,1322,0
Cross Platform,"Monday, May 1, 2023, 2:30 PM",Offline,2,148
Cross body2,"Monday, May 1, 2023, 2:30 PM",Offline,2,148
Cross body2,"Monday, May 1, 2023, 2:30 PM",Offline,2,148
Cross body2,"Monday, May 1, 2023, 2:30 PM",Offline,2,148
Cross body2,"Monday, May 1, 2023, 2:30 PM",Offline,2,148
Cross body2,"Monday, May 1, 2023, 2:30 PM",Offline,2,148
Cross body2,"Monday, May 1, 2023, 2:30 PM",Offline,2,148
Cross body2,"Monday, May 1, 2023, 2:30 PM",Offline,2,148
Cross body2,"Monday, May 1, 2023, 2:30 PM",Offline,2,148
Cross body2,"Monday, May 1, 2023, 2:30 PM",Offline,2,148
Cross body2,"Monday, May 1, 2023, 2:30 PM",Offline,2,148
Cross body2,"Monday, May 1, 2023, 2:30 PM",Offline,2,148
Cross body2,"Monday, May 1, 2023, 2:30 PM",Offline,2,148
Cross body2,"Monday, May 1, 2023, 2:30 PM",Offline,2,148
Cross body2,"Monday, May 1, 2023, 2:30 PM",Offline,2,148
Cross body2,"Monday, May 1, 2023, 2:30 PM",Offline,2,148
Cross body2,"Monday, May 1, 2023, 2:30 PM",Offline,2,148
Cross body2,"Monday, May 1, 2023, 2:30 PM",Offline,2,148
Cross body2,"Monday, May 1, 2023, 2:30 PM",Offline,2,148
Cross body2,"Monday, May 1, 2023, 2:30 PM",Offline,2,148
Cross body2,"Monday, May 1, 2023, 2:30 PM",Offline,2,148
Cross body2,"Monday, May 1, 2023, 2:30 PM",Offline,2,148
Cross body2,"Monday, May 1, 2023, 2:30 PM",Offline,2,148
Cross body2,"Monday, May 1, 2023, 2:30 PM",Offline,2,148
Cross body2,"Monday, May 1, 2023, 2:30 PM",Offline,2,148
Cross body2,"Monday, May 1, 2023, 2:30 PM",Offline,2,148
Cross body2,"Monday, May 1, 2023, 2:30 PM",Offline,2,148
Cross body2,"Monday, May 1, 2023, 2:30 PM",Offline,2,148
